;-7.000;-6.900;-6.800;-6.700;-6.600;-6.500;-6.400;-6.300;-6.200;-6.100;-6.000;-5.900;-5.800;-5.700;-5.600;-5.500;-5.400;-5.300;-5.200;-5.100;-5.000;-4.900;-4.800;-4.700;-4.600;-4.500;-4.400;-4.300;-4.200;-4.100;-4.000;-3.900;-3.800;-3.700;-3.600;-3.500;-3.400;-3.300;-3.200;-3.100;-3.000;-2.900;-2.800;-2.700;-2.600;-2.500;-2.400;-2.300;-2.200;-2.100;-2.000;-1.900;-1.800;-1.700;-1.600;-1.500;-1.400;-1.300;-1.200;-1.100;-1.000;-0.900;-0.800;-0.700;-0.600;-0.500;-0.400;-0.300;-0.200;-0.100;0.000;0.100;0.200;0.300;0.400;0.500;0.600;0.700;0.800;0.900;1.000;1.100;1.200;1.300;1.400;1.500;1.600;1.700;1.800;1.900;2.000;2.100;2.200;2.300;2.400;2.500;2.600;2.700;2.800;2.900;3.000;3.100;3.200;3.300;3.400;3.500;3.600;3.700;3.800;3.900;4.000;4.100;4.200;4.300;4.400;4.500;4.600;4.700;4.800;4.900;5.000;5.100;5.200;5.300;5.400;5.500;5.600;5.700;5.800;5.900;6.000;6.100;6.200;6.300;6.400;6.500;6.600;6.700;6.800;6.900;7.000;
7.000;;;;;;;;;;;;;;;;;;;;;;;;;;;;;;;;;;;;;;;;;;;;;;;;;;;;;;;;;;;;;;;;;;;;;;;;;;;;;;;;;;;;;;;;;;;;;;;;;;;;;;;;;;;;;;;;;;;;;;;;;;;;;;;;;;;;;;;;;;;;;;
6.900;;;;;;;;;;;;;;;;;;;;;;;;;;;;;;;;;;;;;;;;;;;;;;;;;;;;;;;;;;;;;;;;;;;;;;;;;;;;;;;;;;;;;;;;;;;;;;;;;;;;;;;;;;;;;;;;;;;;;;;;;;;;;;;;;;;;;;;;;;;;;;
6.800;;;;;;;;;;;;;;;;;;;;;;;;;;;;;;;;;;;;;;;;;;;;;;;;;;;;;;;;;;;;;;;;;;;;;;;;;;;;;;;;;;;;;;;;;;;;;;;;;;;;;;;;;;;;;;;;;;;;;;;;;;;;;;;;;;;;;;;;;;;;;;
6.700;;;;;;;;;;;;;;;;;;;;;;;;;;;;;;;;;;;;;;;;;;;;;;;;;;;;;;;;;;;;;;;;;;;;;;;;;;;;;;;;;;;;;;;;;;;;;;;;;;;;;;;;;;;;;;;;;;;;;;;;;;;;;;;;;;;;;;;;;;;;;;
6.600;;;;;;;;;;;;;;;;;;;;;;;;;;;;;;;;;;;;;;;;;;;;;;;;;;;;;;;;;;;;;;;;;;;;;;;;;;;;;;;;;;;;;;;;;;;;;;;;;;;;;;;;;;;;;;;;;;;;;;;;;;;;;;;;;;;;;;;;;;;;;;
6.500;;;;;;;;;;;;;;;;;;;;;;;;;;;;;;;;;;;;;;;;;;;;;;;;;;;;;;;;;;;;;;;;;;;;;;;;;;;;;;;;;;;;;;;;;;;;;;;;;;;;;;;;;;;;;;;;;;;;;;;;;;;;;;;;;;;;;;;;;;;;;;
6.400;;;;;;;;;;;;;;;;;;;;;;;;;;;;;;;;;;;;;;;;;;;;;;;;;;;;;;;;;;;;;;;;;;;;;;;;;;;;;;;;;;;;;;;;;;;;;;;;;;;;;;;;;;;;;;;;;;;;;;;;;;;;;;;;;;;;;;;;;;;;;;
6.300;;;;;;;;;;;;;;;;;;;;;;;;;;;;;;;;;;;;;;;;;;;;;;;;;;;;;;;;;;;;;;;;;;;;;;;;;;;;;;;;;;;;;;;;;;;;;;;;;;;;;;;;;;;;;;;;;;;;;;;;;;;;;;;;;;;;;;;;;;;;;;
6.200;;;;;;;;;;;;;;;;;;;;;;;;;;;;;;;;;;;;;;;;;;;;;;;;;;;;;;;;;;;;;;;;;;;;;;;;;;;;;;;;;;;;;;;;;;;;;;;;;;;;;;;;;;;;;;;;;;;;;;;;;;;;;;;;;;;;;;;;;;;;;;
6.100;;;;;;;;;;;;;;;;;;;;;;;;;;;;;;;;;;;;;;;;;;;;;;;;;;;;;;;;;;;;;;;;;;;;;;;;;;;;;;;;;;;;;;;;;;;;;;;;;;;;;;;;;;;;;;;;;;;;;;;;;;;;;;;;;;;;;;;;;;;;;;
6.000;;;;;;;;;;;;;;;;;;;;;;;;;;;;;;;;;;;;;;;;;;;;;;;;;;;;;;;;;;;;;;;;;;;;;;;;;;;;;;;;;;;;;;;;;;;;;;;;;;;;;;;;;;;;;;;;;;;;;;;;;;;;;;;;;;;;;;;;;;;;;;
5.900;;;;;;;;;;;;;;;;;;;;;;;;;;;;;;;;;;;;;;;;;;;;;;;;;;;;;;;;;;;;;;;;;;;;;;;;;;;;;;;;;;;;;;;;;;;;;;;;;;;;;;;;;;;;;;;;;;;;;;;;;;;;;;;;;;;;;;;;;;;;;;
5.800;;;;;;;;;;;;;;;;;;;;;;;;;;;;;;;;;;;;;;;;;;;;;;;;;;;;;;;;;;;;;;;;;;;;;;;;;;;;;;;;;;;;;;;;;;;;;;;;;;;;;;;;;;;;;;;;;;;;;;;;;;;;;;;;;;;;;;;;;;;;;;
5.700;;;;;;;;;;;;;;;;;;;;;;;;;;;;;;;;;;;;;;;;;;;;;;;;;;;;;;;;;;;;;;;;;;;;;;;;;;;;;;;;;;;;;;;;;;;;;;;;;;;;;;;;;;;;;;;;;;;;;;;;;;;;;;;;;;;;;;;;;;;;;;
5.600;;;;;;;;;;;;;;;;;;;;;;;;;;;;;;;;;;;;;;;;;;;;;;;;;;;;;;;;;;;;;;;;;;;;;;;;;;;;;;;;;;;;;;;;;;;;;;;;;;;;;;;;;;;;;;;;;;;;;;;;;;;;;;;;;;;;;;;;;;;;;;
5.500;;;;;;;;;;;;;;;;;;;;;;;;;;;;;;;;;;;;;;;;;;;;;;;;;;;;;;;;;;;;;;778;777;776;775;774;774;774;773;773;773;774;;;;;;;;;;;;;;;;;;;;;;;;;;;;;;;;;;;;;;;;;;;;;;;;;;;;;;;;;;;;;;;;;;;;;;
5.400;;;;;;;;;;;;;;;;;;;;;;;;;;;;;;;;;;;;;;;;;;;;;;;;;;;;;;;;778;776;774;772;771;769;768;767;766;765;765;764;764;764;764;765;765;766;767;768;769;771;773;;;;;;;;;;;;;;;;;;;;;;;;;;;;;;;;;;;;;;;;;;;;;;;;;;;;;;;;;;;;;;;;
5.300;;;;;;;;;;;;;;;;;;;;;;;;;;;;;;;;;;;;;;;;;;;;;;;;;;;;782;778;775;772;769;766;764;762;761;759;758;757;756;756;755;755;755;755;755;755;756;757;758;759;761;763;765;768;770;774;777;;;;;;;;;;;;;;;;;;;;;;;;;;;;;;;;;;;;;;;;;;;;;;;;;;;;;;;;;;;;
5.200;;;;;;;;;;;;;;;;;;;;;;;;;;;;;;;;;;;;;;;;;;;;;;;;;786;781;776;772;768;765;762;759;756;754;752;751;749;748;747;746;745;745;745;745;745;745;746;747;748;749;750;752;754;757;759;762;766;769;774;778;783;;;;;;;;;;;;;;;;;;;;;;;;;;;;;;;;;;;;;;;;;;;;;;;;;;;;;;;;;
5.100;;;;;;;;;;;;;;;;;;;;;;;;;;;;;;;;;;;;;;;;;;;;;;795;788;782;776;771;766;762;758;754;751;748;746;744;742;740;739;737;736;736;735;735;735;735;735;735;736;737;738;739;741;743;745;748;751;754;757;761;766;770;775;781;786;793;;;;;;;;;;;;;;;;;;;;;;;;;;;;;;;;;;;;;;;;;;;;;;;;;;;;;;
5.000;;;;;;;;;;;;;;;;;;;;;;;;;;;;;;;;;;;;;;;;;;;;800;792;785;778;772;766;761;756;751;747;744;741;738;735;733;731;729;728;727;726;725;725;724;724;724;725;725;726;727;728;730;731;733;736;739;742;745;749;753;757;762;767;772;778;785;792;799;;;;;;;;;;;;;;;;;;;;;;;;;;;;;;;;;;;;;;;;;;;;;;;;;;;;
4.900;;;;;;;;;;;;;;;;;;;;;;;;;;;;;;;;;;;;;;;;;;808;798;790;782;774;767;761;755;750;745;741;737;733;730;727;724;722;720;719;717;716;715;714;714;713;713;714;714;715;715;716;718;719;721;723;726;729;732;735;739;743;748;753;758;764;770;776;783;790;798;806;;;;;;;;;;;;;;;;;;;;;;;;;;;;;;;;;;;;;;;;;;;;;;;;;;
4.800;;;;;;;;;;;;;;;;;;;;;;;;;;;;;;;;;;;;;;;;817;806;796;787;779;771;763;756;750;744;739;734;730;726;722;719;716;713;711;709;707;706;705;704;703;703;702;702;703;703;704;705;706;707;709;711;713;716;719;722;726;729;734;738;743;749;755;761;767;774;781;789;797;805;814;;;;;;;;;;;;;;;;;;;;;;;;;;;;;;;;;;;;;;;;;;;;;;;;
4.700;;;;;;;;;;;;;;;;;;;;;;;;;;;;;;;;;;;;;;;816;805;795;785;776;767;759;752;745;739;733;728;723;719;715;711;708;705;702;700;698;696;695;694;693;692;692;691;691;692;692;693;694;695;696;698;700;703;705;708;712;715;719;724;728;733;739;745;751;758;765;772;780;788;796;805;814;823;;;;;;;;;;;;;;;;;;;;;;;;;;;;;;;;;;;;;;;;;;;;;;
4.600;;;;;;;;;;;;;;;;;;;;;;;;;;;;;;;;;;;;;828;816;804;793;783;773;764;756;748;740;734;727;722;717;712;707;703;700;697;694;691;689;687;685;684;683;682;681;680;680;680;680;681;682;683;684;686;687;689;692;695;698;701;705;709;713;718;723;729;735;741;748;755;762;770;778;786;795;804;813;823;;;;;;;;;;;;;;;;;;;;;;;;;;;;;;;;;;;;;;;;;;;;;
4.500;;;;;;;;;;;;;;;;;;;;;;;;;;;;;;;;;;;;828;815;803;792;781;771;761;752;744;736;729;722;716;711;705;701;696;692;689;686;683;680;678;676;674;673;672;671;670;670;669;669;670;670;671;672;673;675;677;679;681;684;687;690;694;698;703;707;713;718;724;730;737;744;752;759;767;776;785;794;803;813;823;833;;;;;;;;;;;;;;;;;;;;;;;;;;;;;;;;;;;;;;;;;;;
4.400;;;;;;;;;;;;;;;;;;;;;;;;;;;;;;;;;;842;828;815;802;790;779;768;758;749;740;732;725;718;711;705;699;694;690;686;682;678;675;672;670;668;666;664;662;661;660;660;659;659;659;659;660;660;661;663;664;666;668;671;673;676;680;684;688;692;697;702;707;713;720;726;733;741;749;757;765;774;783;792;802;812;822;833;;;;;;;;;;;;;;;;;;;;;;;;;;;;;;;;;;;;;;;;;;
4.300;;;;;;;;;;;;;;;;;;;;;;;;;;;;;;;;;843;828;814;801;789;777;766;756;746;737;728;721;713;706;700;694;689;684;679;675;671;668;665;662;659;657;655;654;652;651;650;649;649;649;649;649;649;650;651;652;654;656;658;660;663;666;670;673;677;682;686;691;697;703;709;715;722;730;738;746;754;763;772;781;791;801;811;821;832;;;;;;;;;;;;;;;;;;;;;;;;;;;;;;;;;;;;;;;;;
4.200;;;;;;;;;;;;;;;;;;;;;;;;;;;;;;;;843;828;814;801;788;776;764;754;744;734;725;717;709;702;695;689;683;678;673;669;665;661;658;655;652;650;647;645;644;642;641;640;639;639;639;639;639;639;640;641;642;644;646;648;650;653;656;660;663;667;672;676;681;687;692;698;705;712;719;727;735;743;752;761;770;780;789;799;810;820;831;;;;;;;;;;;;;;;;;;;;;;;;;;;;;;;;;;;;;;;;
4.100;;;;;;;;;;;;;;;;;;;;;;;;;;;;;;;844;828;814;800;787;775;763;752;741;732;722;714;706;698;691;685;679;673;668;663;659;655;651;648;645;642;640;638;636;634;633;631;630;630;629;629;629;629;630;631;632;633;634;636;638;641;643;646;650;653;657;662;666;671;677;682;688;694;701;708;716;724;732;740;749;759;768;778;788;798;809;819;830;841;;;;;;;;;;;;;;;;;;;;;;;;;;;;;;;;;;;;;;
4.000;;;;;;;;;;;;;;;;;;;;;;;;;;;;;;844;829;814;800;786;774;762;750;739;729;720;711;702;695;687;681;674;669;663;658;654;649;645;642;639;636;633;631;628;626;625;623;622;621;620;620;620;620;620;620;621;622;623;625;627;629;631;634;637;640;644;648;652;657;661;667;672;678;684;691;698;705;713;721;729;738;747;757;766;776;787;797;807;818;829;841;;;;;;;;;;;;;;;;;;;;;;;;;;;;;;;;;;;;;
3.900;;;;;;;;;;;;;;;;;;;;;;;;;;;;;845;829;814;800;786;773;761;749;738;727;717;708;700;691;684;677;670;664;659;653;649;644;640;636;633;630;627;624;622;619;618;616;614;613;612;611;611;611;611;611;611;612;613;614;616;618;620;622;625;628;631;635;638;643;647;652;657;663;668;674;681;688;695;702;710;718;727;736;745;755;765;775;785;796;806;817;828;840;;;;;;;;;;;;;;;;;;;;;;;;;;;;;;;;;;;;
3.800;;;;;;;;;;;;;;;;;;;;;;;;;;;;846;830;815;800;786;772;760;748;736;726;715;706;697;689;681;674;667;661;655;649;644;640;635;631;627;624;621;618;615;613;611;609;607;606;605;604;603;602;602;602;602;603;603;604;606;607;609;611;613;616;619;622;625;629;633;638;643;648;653;659;665;671;678;685;692;700;708;716;725;734;744;753;763;774;784;795;805;816;827;839;;;;;;;;;;;;;;;;;;;;;;;;;;;;;;;;;;;
3.700;;;;;;;;;;;;;;;;;;;;;;;;;;;848;831;815;800;786;772;759;747;735;724;714;704;695;686;678;671;664;657;651;645;640;635;631;626;623;619;615;612;610;607;605;602;601;599;597;596;595;594;594;594;594;594;594;595;596;597;598;600;602;605;607;610;613;617;620;625;629;634;639;644;650;655;662;668;675;682;690;698;706;714;723;732;742;752;762;772;783;794;804;815;827;;;;;;;;;;;;;;;;;;;;;;;;;;;;;;;;;;;
3.600;;;;;;;;;;;;;;;;;;;;;;;;;;849;832;816;801;786;772;759;746;735;723;713;703;693;684;676;668;661;654;648;642;637;631;627;622;618;614;611;607;604;601;599;597;594;592;591;589;588;587;586;586;585;585;586;586;587;588;589;590;592;594;596;599;602;605;608;612;616;620;625;630;635;641;646;652;659;666;673;680;688;696;704;713;722;731;741;751;761;772;782;793;804;815;826;;;;;;;;;;;;;;;;;;;;;;;;;;;;;;;;;;
3.500;;;;;;;;;;;;;;;;;;;;;;;;;851;834;818;802;787;773;759;746;734;722;712;701;692;683;674;666;659;652;645;639;633;628;623;618;614;610;606;603;599;596;594;591;589;587;585;583;582;580;579;578;578;578;577;578;578;579;580;581;582;584;586;588;591;593;597;600;604;608;612;616;621;626;632;637;643;650;656;663;671;678;686;694;703;711;721;730;740;750;760;771;782;792;803;815;826;;;;;;;;;;;;;;;;;;;;;;;;;;;;;;;;;
3.400;;;;;;;;;;;;;;;;;;;;;;;;854;836;820;804;788;774;760;746;734;722;711;701;691;681;673;664;657;650;643;637;631;625;620;615;611;606;602;599;595;592;589;586;584;581;579;577;576;574;573;572;571;570;570;570;570;570;571;572;573;574;576;578;580;583;586;589;592;596;600;604;608;613;618;623;629;635;641;647;654;661;669;676;684;693;701;710;720;729;739;750;760;771;781;792;803;815;826;;;;;;;;;;;;;;;;;;;;;;;;;;;;;;;;
3.300;;;;;;;;;;;;;;;;;;;;;;;857;839;822;805;790;775;761;747;734;722;711;700;690;680;671;663;655;648;641;634;628;623;617;612;607;603;599;595;591;588;585;582;579;576;574;572;570;568;567;566;565;564;563;563;563;563;563;564;564;566;567;569;571;573;575;578;581;584;588;592;596;600;605;610;615;621;626;632;639;645;652;660;667;675;683;692;700;710;719;729;739;749;760;771;781;792;804;815;827;;;;;;;;;;;;;;;;;;;;;;;;;;;;;;;
3.200;;;;;;;;;;;;;;;;;;;;;;;842;825;808;792;777;762;748;735;723;711;700;690;680;671;662;654;646;639;632;626;620;615;610;605;600;596;592;588;584;581;578;575;572;570;567;565;563;561;560;559;558;557;556;556;556;556;556;557;557;558;560;561;563;565;568;571;574;577;580;584;588;592;597;602;607;613;618;624;630;637;644;651;658;666;674;682;691;700;709;719;729;739;750;760;771;782;793;804;816;;;;;;;;;;;;;;;;;;;;;;;;;;;;;;;
3.100;;;;;;;;;;;;;;;;;;;;;;846;828;811;795;779;764;750;736;723;711;700;690;680;670;661;653;645;638;631;625;619;613;607;602;598;593;589;585;581;578;574;571;568;565;563;561;558;557;555;553;552;551;550;549;549;549;549;549;550;550;552;553;554;556;558;561;563;566;570;573;577;581;585;590;594;599;605;610;616;622;629;635;642;650;657;665;673;682;691;700;709;719;729;739;750;761;772;783;794;806;817;;;;;;;;;;;;;;;;;;;;;;;;;;;;;;
3.000;;;;;;;;;;;;;;;;;;;;;850;832;815;798;782;766;752;738;725;712;701;690;680;670;661;652;644;637;630;623;617;611;606;600;596;591;586;582;578;575;571;568;565;562;559;557;554;552;550;548;547;546;544;544;543;542;542;542;543;543;544;545;546;548;550;552;554;557;559;563;566;570;574;578;582;587;592;597;603;608;615;621;627;634;641;649;657;665;673;682;691;700;709;719;730;740;751;762;773;784;795;807;819;;;;;;;;;;;;;;;;;;;;;;;;;;;;;
2.900;;;;;;;;;;;;;;;;;;;;;837;819;802;785;769;754;740;727;714;702;691;680;670;661;652;644;636;629;622;616;610;604;599;594;589;584;580;576;572;569;565;562;559;556;553;551;548;546;544;542;541;539;538;537;537;536;536;536;536;537;538;539;540;541;543;545;547;550;553;556;559;563;567;571;575;580;585;590;595;601;607;613;620;626;633;641;648;656;664;673;682;691;700;710;720;731;742;752;763;775;786;797;809;;;;;;;;;;;;;;;;;;;;;;;;;;;;;
2.800;;;;;;;;;;;;;;;;;;;;843;824;806;789;773;758;743;729;716;704;692;681;671;662;653;644;636;629;622;615;609;603;598;592;587;583;578;574;570;566;563;559;556;553;550;547;545;542;540;538;536;535;534;532;531;531;530;530;530;530;531;531;532;534;535;537;539;541;544;546;549;553;556;560;564;568;573;578;583;588;594;600;606;612;619;626;633;640;648;656;665;673;682;692;701;711;722;732;743;754;765;777;788;800;812;;;;;;;;;;;;;;;;;;;;;;;;;;;;
2.700;;;;;;;;;;;;;;;;;;;;830;812;794;778;762;747;732;719;706;694;683;672;663;653;645;636;629;622;615;609;603;597;591;586;582;577;573;568;564;561;557;554;550;547;544;542;539;537;535;533;531;529;528;527;526;525;525;524;524;525;525;526;527;528;529;531;533;535;538;540;543;547;550;554;558;562;566;571;576;581;587;593;599;605;612;618;625;633;640;648;657;665;674;683;693;703;713;724;734;745;757;768;779;791;803;816;;;;;;;;;;;;;;;;;;;;;;;;;;;
2.600;;;;;;;;;;;;;;;;;;;837;818;800;783;766;751;736;722;709;697;685;674;664;655;646;637;629;622;615;608;602;596;591;586;581;576;571;567;563;559;555;552;548;545;542;539;536;534;532;529;527;526;524;523;521;520;520;519;519;519;519;520;520;521;522;524;525;527;529;532;535;537;541;544;548;552;556;560;565;570;575;580;586;592;598;604;611;618;625;633;641;649;657;666;675;685;695;705;715;726;737;748;759;771;783;795;807;;;;;;;;;;;;;;;;;;;;;;;;;;;
2.500;;;;;;;;;;;;;;;;;;;826;807;789;772;756;741;726;712;700;688;677;666;656;647;638;630;623;615;609;602;596;591;585;580;575;571;566;562;558;554;550;547;543;540;537;534;531;529;527;524;522;521;519;518;516;515;515;514;514;514;514;514;515;516;517;518;520;522;524;526;529;532;535;538;542;546;550;554;559;563;569;574;579;585;591;598;604;611;618;626;634;642;650;659;668;677;687;697;707;718;729;740;751;763;774;786;799;811;;;;;;;;;;;;;;;;;;;;;;;;;;
2.400;;;;;;;;;;;;;;;;;;834;815;796;779;762;746;731;717;703;691;679;669;658;649;640;631;624;616;609;603;597;591;585;580;575;570;566;561;557;553;549;546;542;539;535;532;529;527;524;522;520;518;516;514;513;512;511;510;509;509;509;509;510;510;511;512;513;515;517;519;521;524;526;530;533;536;540;544;548;553;558;563;568;573;579;585;591;598;605;612;619;627;635;643;651;660;670;679;689;699;710;721;732;743;755;767;779;791;804;;;;;;;;;;;;;;;;;;;;;;;;;;
2.300;;;;;;;;;;;;;;;;;;823;804;786;769;752;736;722;708;695;683;672;661;651;642;633;625;617;610;604;597;591;586;580;575;570;565;561;557;552;549;545;541;537;534;531;528;525;522;520;517;515;513;511;510;508;507;506;505;505;505;504;505;505;506;506;507;509;510;512;514;516;519;521;524;528;531;535;539;543;547;552;557;562;567;573;579;585;592;598;605;613;620;628;636;645;653;662;672;682;692;702;713;725;736;747;759;771;783;796;809;;;;;;;;;;;;;;;;;;;;;;;;;
2.200;;;;;;;;;;;;;;;;;833;814;795;777;759;743;728;713;700;687;675;664;654;644;635;627;619;612;605;598;592;586;581;576;570;566;561;557;552;548;544;540;537;533;530;527;524;521;518;515;513;511;509;507;505;504;503;502;501;501;500;500;500;501;501;502;503;504;506;507;509;512;514;517;520;523;526;530;534;538;542;547;551;556;562;567;573;579;586;592;599;606;614;622;630;638;647;656;665;675;685;695;706;717;729;740;752;764;776;789;802;;;;;;;;;;;;;;;;;;;;;;;;;
2.100;;;;;;;;;;;;;;;;;824;804;785;768;751;734;719;705;692;680;668;658;648;638;629;621;614;607;600;593;587;582;576;571;566;561;557;552;548;544;540;536;533;529;526;523;520;517;514;511;509;507;505;503;501;500;499;498;497;497;496;496;496;497;497;498;499;500;502;503;505;507;510;512;515;518;521;525;529;533;537;541;546;551;556;562;568;574;580;587;593;600;608;616;624;632;640;649;659;668;678;689;699;710;722;734;745;757;770;782;795;;;;;;;;;;;;;;;;;;;;;;;;;
2.000;;;;;;;;;;;;;;;;835;815;795;777;759;742;726;711;698;685;673;662;651;642;632;624;616;609;602;595;589;583;577;572;567;562;557;553;549;544;540;536;533;529;525;522;519;516;513;510;508;505;503;501;499;498;496;495;494;493;493;493;492;493;493;493;494;495;496;498;499;501;503;506;508;511;514;517;520;524;528;532;537;541;546;551;557;562;568;575;581;588;595;602;610;618;626;634;643;653;662;672;682;693;704;715;727;739;751;763;776;789;802;;;;;;;;;;;;;;;;;;;;;;;;
1.900;;;;;;;;;;;;;;;;827;806;787;769;751;734;719;704;691;678;667;656;645;636;627;619;611;604;597;591;585;579;573;568;563;558;554;549;545;541;537;533;529;525;522;518;515;512;509;507;504;502;500;498;496;494;493;492;491;490;489;489;489;489;489;490;491;492;493;494;496;498;499;502;504;507;510;513;516;520;524;528;532;537;541;546;552;557;563;569;576;583;590;597;604;612;620;629;638;647;656;666;676;687;698;709;721;733;745;757;770;783;796;;;;;;;;;;;;;;;;;;;;;;;;
1.800;;;;;;;;;;;;;;;;818;798;779;761;744;727;712;698;685;672;661;650;640;631;622;614;607;600;593;587;581;575;570;565;560;555;550;546;542;537;533;529;526;522;519;515;512;509;506;503;501;498;496;494;493;491;490;488;488;487;486;486;486;486;486;487;488;488;490;491;492;494;496;498;501;503;506;509;512;516;519;523;528;532;537;542;547;553;559;565;571;578;585;592;599;607;615;624;632;641;651;661;671;681;692;703;715;727;739;751;764;777;790;;;;;;;;;;;;;;;;;;;;;;;;
1.700;;;;;;;;;;;;;;;832;811;791;772;754;737;721;706;692;679;667;655;645;635;626;618;610;602;596;589;583;577;572;566;561;556;552;547;543;538;534;530;526;523;519;515;512;509;506;503;500;498;495;493;491;489;488;487;486;485;484;483;483;483;483;483;484;485;485;487;488;489;491;493;495;497;500;502;505;509;512;516;519;524;528;533;538;543;548;554;560;566;573;580;587;594;602;610;619;627;636;646;655;665;676;687;698;709;721;733;746;758;771;785;798;;;;;;;;;;;;;;;;;;;;;;;
1.600;;;;;;;;;;;;;;;825;804;784;765;747;730;714;700;686;673;661;650;640;631;622;614;606;599;592;586;580;574;568;563;558;553;549;544;540;536;531;527;523;520;516;512;509;506;503;500;497;495;492;490;488;487;485;484;483;482;481;481;480;480;480;481;481;482;483;484;485;486;488;490;492;494;496;499;502;505;508;512;516;520;524;529;534;539;544;550;556;562;569;575;582;590;598;606;614;623;631;641;650;660;671;681;693;704;716;728;741;753;766;779;793;;;;;;;;;;;;;;;;;;;;;;;
1.500;;;;;;;;;;;;;;;818;797;777;759;741;724;709;694;681;668;657;646;636;626;618;610;602;595;589;582;576;571;565;560;555;551;546;541;537;533;529;525;521;517;513;510;506;503;500;497;494;492;490;488;486;484;483;481;480;479;479;478;478;478;478;478;479;479;480;481;482;484;485;487;489;491;494;496;499;502;505;509;512;516;521;525;530;535;540;546;552;558;564;571;578;586;593;601;609;618;627;636;646;656;666;677;688;699;711;723;736;748;761;775;788;;;;;;;;;;;;;;;;;;;;;;;
1.400;;;;;;;;;;;;;;;812;791;771;753;735;719;703;689;676;664;652;641;632;623;614;606;599;592;585;579;574;568;563;558;553;548;543;539;534;530;526;522;518;514;511;507;504;500;497;495;492;489;487;485;483;482;480;479;478;477;476;476;476;476;476;476;476;477;478;479;480;481;483;485;487;489;491;493;496;499;502;506;509;513;517;522;526;531;537;542;548;554;561;567;574;582;589;597;605;614;623;632;642;651;662;672;683;695;706;718;731;744;757;770;784;798;;;;;;;;;;;;;;;;;;;;;;
1.300;;;;;;;;;;;;;;827;806;785;766;747;730;714;698;684;671;659;648;638;628;619;611;603;596;589;583;577;571;565;560;555;550;546;541;536;532;528;524;519;516;512;508;505;501;498;495;492;489;487;485;483;481;479;478;477;476;475;474;474;474;474;474;474;474;475;476;477;478;479;481;482;484;486;488;491;493;496;499;503;506;510;514;518;523;528;533;539;544;551;557;564;571;578;585;593;602;610;619;628;638;647;658;668;679;690;702;714;726;739;752;766;779;793;;;;;;;;;;;;;;;;;;;;;;
1.200;;;;;;;;;;;;;;822;800;780;761;742;725;709;694;680;667;655;644;634;625;616;608;600;593;586;580;574;568;563;558;553;548;543;539;534;530;525;521;517;513;509;506;502;499;496;493;490;487;485;483;481;479;477;476;475;474;473;472;472;472;472;472;472;473;473;474;475;476;477;479;480;482;484;486;488;491;494;497;500;503;507;511;515;520;525;530;535;541;547;554;560;567;574;582;590;598;607;615;624;634;644;654;664;675;686;698;710;722;735;748;761;775;789;;;;;;;;;;;;;;;;;;;;;;
1.100;;;;;;;;;;;;;;817;796;775;756;738;721;705;690;676;663;652;641;631;621;613;605;597;590;584;578;572;566;561;556;551;546;541;536;532;528;523;519;515;511;507;504;500;497;493;490;488;485;483;481;479;477;475;474;473;472;471;471;470;470;470;470;470;471;472;472;473;474;476;477;478;480;482;484;486;489;492;494;498;501;505;509;513;517;522;527;532;538;544;550;557;564;571;579;587;595;603;612;621;631;640;650;661;672;683;694;706;718;731;744;758;771;785;;;;;;;;;;;;;;;;;;;;;;
1.000;;;;;;;;;;;;;;812;791;771;752;733;717;701;686;673;660;648;638;628;619;610;602;595;588;581;575;570;564;559;554;549;544;539;534;530;525;521;517;513;509;505;501;498;495;491;488;486;483;481;479;477;475;473;472;471;470;469;469;469;468;468;469;469;469;470;471;472;473;474;475;477;478;480;482;484;487;489;492;495;499;502;506;510;515;519;524;530;535;541;548;554;561;568;576;584;592;600;609;618;627;637;647;658;668;679;691;702;715;728;741;754;768;782;;;;;;;;;;;;;;;;;;;;;;
0.900;;;;;;;;;;;;;;808;787;767;748;730;713;697;683;669;657;646;635;625;616;608;600;593;586;579;573;567;562;557;552;547;542;537;532;528;524;519;515;511;507;503;499;496;493;489;486;484;481;479;477;475;473;472;470;469;469;468;467;467;467;467;467;468;468;469;469;470;471;472;474;475;477;479;481;483;485;488;490;493;497;500;504;508;512;517;522;527;533;539;545;551;558;566;573;581;589;597;606;615;625;634;644;655;665;676;688;699;712;724;737;751;764;778;;;;;;;;;;;;;;;;;;;;;;
0.800;;;;;;;;;;;;;826;804;783;763;744;726;709;694;680;666;654;643;632;623;614;605;598;590;584;577;571;566;560;555;550;545;540;535;531;526;522;517;513;509;505;501;498;494;491;488;485;482;479;477;475;473;472;470;469;468;467;466;466;466;466;466;466;466;467;467;468;469;470;471;472;474;475;477;479;481;483;486;488;491;495;498;502;506;510;515;520;525;530;536;542;549;556;563;570;578;586;595;604;613;622;632;642;652;662;673;685;696;709;721;734;747;761;775;789;;;;;;;;;;;;;;;;;;;;;
0.700;;;;;;;;;;;;;823;801;780;760;741;723;707;691;677;664;652;640;630;620;611;603;596;588;582;575;569;564;558;553;548;543;538;534;529;524;520;516;511;507;503;499;496;492;489;486;483;480;478;475;473;472;470;469;467;466;466;465;465;464;464;465;465;465;466;466;467;468;469;470;471;473;474;476;478;480;482;484;487;490;493;496;500;504;508;513;517;523;528;534;540;547;554;561;568;576;584;593;601;610;620;629;639;649;660;671;682;694;706;718;731;745;758;772;786;;;;;;;;;;;;;;;;;;;;;
0.600;;;;;;;;;;;;;819;798;777;757;738;720;704;689;674;661;649;638;628;618;609;601;594;587;580;574;568;562;557;551;546;541;537;532;527;523;518;514;510;506;502;498;494;491;487;484;481;479;476;474;472;470;469;467;466;465;464;464;464;463;463;463;464;464;465;465;466;467;468;469;470;471;473;474;476;478;480;483;485;488;491;495;498;502;506;511;516;521;526;532;538;545;552;559;566;574;582;590;599;608;617;627;637;647;658;669;680;691;703;716;729;742;755;769;784;;;;;;;;;;;;;;;;;;;;;
0.500;;;;;;;;;;;;;817;795;774;754;735;718;701;686;672;659;647;636;626;616;608;600;592;585;578;572;566;561;555;550;545;540;535;530;526;521;517;512;508;504;500;496;492;489;486;483;480;477;475;472;470;469;467;466;465;464;463;463;462;462;462;462;463;463;464;464;465;466;467;468;469;470;472;473;475;477;479;481;484;487;490;493;497;500;505;509;514;519;524;530;536;543;550;557;564;572;580;589;597;606;616;625;635;645;656;666;678;689;701;713;726;739;753;767;781;;;;;;;;;;;;;;;;;;;;;
0.400;;;;;;;;;;;;;814;793;772;752;733;716;699;684;670;657;645;634;624;615;606;598;590;583;577;571;565;559;554;548;543;538;533;529;524;520;515;511;506;502;498;494;491;487;484;481;478;476;473;471;469;467;466;465;464;463;462;462;461;461;461;461;462;462;463;463;464;465;466;467;468;469;471;472;474;476;478;480;483;485;488;492;495;499;503;508;512;517;523;529;535;541;548;555;563;570;578;587;596;605;614;623;633;643;654;665;676;687;699;711;724;737;751;765;779;;;;;;;;;;;;;;;;;;;;;
0.300;;;;;;;;;;;;;812;791;770;750;731;714;698;683;669;656;644;633;623;613;605;596;589;582;575;569;563;558;552;547;542;537;532;527;523;518;514;509;505;501;497;493;489;486;483;480;477;474;472;470;468;466;465;463;462;462;461;461;460;460;460;460;461;461;462;462;463;464;465;466;467;468;470;471;473;475;477;479;482;484;487;490;494;498;502;506;511;516;521;527;533;540;547;554;561;569;577;585;594;603;612;622;632;642;652;663;674;685;697;710;722;735;749;763;777;;;;;;;;;;;;;;;;;;;;;
0.200;;;;;;;;;;;;;811;789;768;749;730;712;696;681;667;654;642;631;621;612;603;595;588;581;574;568;562;556;551;546;541;536;531;526;521;517;512;508;503;499;495;492;488;484;481;478;475;473;470;468;466;465;463;462;461;461;460;460;459;459;459;460;460;460;461;462;462;463;464;465;466;468;469;471;472;474;476;478;481;483;486;489;493;497;501;505;510;515;520;526;532;538;545;552;560;568;576;584;593;602;611;621;630;641;651;662;673;684;696;708;721;734;747;761;775;;;;;;;;;;;;;;;;;;;;;
0.100;;;;;;;;;;;;;810;788;767;747;729;711;695;680;666;653;641;630;620;611;602;594;587;579;573;567;561;555;550;544;539;534;529;525;520;515;511;506;502;498;494;490;487;483;480;477;474;472;469;467;465;464;462;461;460;460;459;459;459;458;459;459;459;460;460;461;462;463;464;465;466;467;468;470;472;473;475;477;480;482;485;489;492;496;500;504;509;514;519;525;531;537;544;551;559;567;575;583;592;601;610;620;629;639;650;661;671;683;694;707;719;732;746;759;774;;;;;;;;;;;;;;;;;;;;;
0.000;;;;;;;;;;;;;809;787;766;747;728;710;694;679;665;652;640;629;619;610;601;593;585;578;572;566;560;554;548;543;538;533;528;523;519;514;510;505;501;497;493;489;485;482;479;476;473;470;468;466;464;463;461;460;459;459;458;458;458;458;458;458;459;459;460;460;461;462;463;464;465;466;468;469;471;473;475;477;479;482;485;488;491;495;499;503;508;513;518;524;530;536;543;550;558;566;574;582;591;600;609;619;628;639;649;660;670;682;693;706;718;731;744;758;772;;;;;;;;;;;;;;;;;;;;;
-0.100;;;;;;;;;;;;;808;787;766;746;728;710;694;679;665;652;640;629;618;609;600;592;585;577;571;565;559;553;547;542;537;532;527;522;517;513;508;504;500;496;492;488;484;481;478;475;472;469;467;465;463;462;460;459;458;458;457;457;457;457;457;458;458;458;459;460;461;461;462;464;465;466;467;469;470;472;474;476;479;481;484;487;490;494;498;503;507;512;518;523;529;536;543;550;557;565;573;581;590;599;608;618;628;638;648;659;670;681;693;705;717;730;743;757;771;;;;;;;;;;;;;;;;;;;;;
-0.200;;;;;;;;;;;;;808;786;766;746;727;710;693;678;664;651;639;628;618;608;599;591;584;577;570;564;558;552;546;541;536;531;526;521;516;512;507;503;499;495;491;487;483;480;477;474;471;468;466;464;462;461;460;459;458;457;457;456;456;456;457;457;457;458;459;459;460;461;462;463;464;465;467;468;470;472;474;476;478;481;484;487;490;494;498;502;507;512;517;523;529;535;542;549;557;564;573;581;590;599;608;617;627;637;648;658;669;680;692;704;717;729;743;756;771;;;;;;;;;;;;;;;;;;;;;
-0.300;;;;;;;;;;;;;808;787;766;746;728;710;693;678;664;651;639;628;617;608;599;591;583;576;569;563;557;551;546;540;535;530;525;520;515;511;506;502;498;494;490;486;482;479;476;473;470;468;465;463;462;460;459;458;457;457;456;456;456;456;456;457;457;458;458;459;460;461;462;463;464;465;467;468;470;471;473;475;478;480;483;486;490;493;497;502;506;511;517;522;529;535;542;549;556;564;572;581;589;598;608;617;627;637;647;658;669;680;692;704;716;729;742;756;770;;;;;;;;;;;;;;;;;;;;;
-0.400;;;;;;;;;;;;;809;787;767;747;728;710;694;679;664;651;639;628;617;608;599;590;583;575;569;562;556;550;545;539;534;529;524;519;515;510;505;501;497;493;489;485;481;478;475;472;469;467;465;463;461;460;458;457;457;456;456;455;455;456;456;456;457;457;458;459;460;460;461;463;464;465;466;468;469;471;473;475;478;480;483;486;490;493;497;502;506;511;517;522;528;535;542;549;556;564;572;581;589;598;607;617;627;637;647;658;669;680;691;703;716;729;742;756;770;;;;;;;;;;;;;;;;;;;;;
-0.500;;;;;;;;;;;;;810;788;768;748;729;711;695;679;665;652;639;628;617;608;598;590;582;575;568;562;556;550;544;539;533;528;523;519;514;509;505;500;496;492;488;484;481;477;474;471;469;466;464;462;461;459;458;457;456;456;455;455;455;455;455;456;456;457;458;458;459;460;461;462;464;465;466;468;469;471;473;475;478;480;483;486;490;493;497;502;506;511;517;522;528;535;542;549;556;564;572;581;589;598;608;617;627;637;647;658;669;680;691;703;716;729;742;756;770;;;;;;;;;;;;;;;;;;;;;
-0.600;;;;;;;;;;;;;811;790;769;749;730;712;696;680;666;652;640;628;618;608;599;590;582;575;568;561;555;549;544;538;533;528;523;518;513;509;504;500;496;492;488;484;480;477;474;471;468;466;464;462;460;459;458;457;456;455;455;455;455;455;455;456;456;457;458;458;459;460;461;462;464;465;466;468;470;471;473;475;478;480;483;486;490;493;497;502;506;512;517;523;529;535;542;549;557;564;573;581;590;599;608;617;627;637;648;658;669;680;692;704;716;729;742;756;770;;;;;;;;;;;;;;;;;;;;;
-0.700;;;;;;;;;;;;;;792;771;751;732;714;697;681;667;653;641;629;618;608;599;590;582;575;568;561;555;549;543;538;533;527;522;518;513;508;504;499;495;491;487;484;480;477;474;471;468;466;464;462;460;459;458;457;456;455;455;455;455;455;455;456;456;457;458;459;459;460;462;463;464;465;467;468;470;472;474;476;478;481;484;487;490;494;498;502;507;512;517;523;529;536;542;550;557;565;573;581;590;599;608;618;628;638;648;659;670;681;692;704;717;730;743;757;;;;;;;;;;;;;;;;;;;;;;
-0.800;;;;;;;;;;;;;;794;773;753;734;716;699;683;668;655;642;630;619;609;599;591;583;575;568;561;555;549;543;538;532;527;522;517;513;508;504;499;495;491;487;483;480;477;474;471;468;466;464;462;460;459;458;457;456;455;455;455;455;455;456;456;457;457;458;459;460;461;462;463;464;466;467;469;470;472;474;476;479;481;484;487;491;495;499;503;508;513;518;524;530;536;543;550;558;566;574;582;591;600;609;619;628;639;649;659;670;681;693;705;718;731;744;758;;;;;;;;;;;;;;;;;;;;;;
-0.900;;;;;;;;;;;;;;797;776;756;737;718;701;685;670;656;643;631;620;610;600;591;583;576;568;562;555;549;543;538;532;527;522;517;513;508;504;499;495;491;487;484;480;477;474;471;468;466;464;462;460;459;458;457;456;456;456;455;455;456;456;456;457;458;458;459;460;461;462;464;465;466;468;469;471;473;475;477;480;482;485;488;492;496;500;504;509;514;519;525;531;537;544;551;559;567;575;583;592;601;610;620;629;640;650;660;671;682;694;706;719;732;745;759;;;;;;;;;;;;;;;;;;;;;;
-1.000;;;;;;;;;;;;;;800;779;759;740;721;704;688;672;658;645;633;622;611;602;592;584;576;569;562;556;549;544;538;533;527;522;517;513;508;504;499;495;491;487;484;480;477;474;471;469;466;464;462;461;460;458;458;457;456;456;456;456;456;457;457;458;458;459;460;461;462;463;464;466;467;469;470;472;474;476;478;481;483;486;489;493;497;501;505;510;515;520;526;532;539;546;553;560;568;576;585;593;602;611;621;631;641;651;662;673;684;696;708;720;733;747;760;;;;;;;;;;;;;;;;;;;;;;
-1.100;;;;;;;;;;;;;;803;782;762;743;724;707;690;675;661;647;635;624;613;603;594;585;577;570;563;556;550;544;538;533;528;523;518;513;509;504;500;496;492;488;484;481;478;475;472;469;467;465;463;462;460;459;458;458;457;457;457;457;457;457;458;459;459;460;461;462;463;464;465;467;468;470;471;473;475;477;479;482;485;488;491;494;498;502;507;511;516;522;528;534;540;547;554;562;570;578;586;595;604;613;622;632;642;653;663;674;685;697;709;722;735;749;762;;;;;;;;;;;;;;;;;;;;;;
-1.200;;;;;;;;;;;;;;;786;766;747;728;710;694;678;664;650;638;626;615;605;595;587;579;571;564;557;551;545;539;534;529;524;519;514;509;505;501;497;493;489;485;482;479;476;473;470;468;466;464;463;461;460;459;459;458;458;458;458;458;459;459;460;460;461;462;463;464;465;467;468;469;471;473;475;476;479;481;483;486;489;492;496;500;504;508;513;518;524;529;536;542;549;556;564;571;579;588;597;606;615;624;634;644;654;665;676;687;699;712;724;737;751;;;;;;;;;;;;;;;;;;;;;;;
-1.300;;;;;;;;;;;;;;;790;770;751;732;714;697;682;667;653;640;628;617;607;597;589;580;573;565;559;552;546;540;535;530;525;520;515;510;506;502;498;494;490;486;483;480;477;474;472;469;467;466;464;463;462;461;460;460;459;459;459;460;460;460;461;462;463;464;465;466;467;468;470;471;473;474;476;478;480;483;485;488;491;494;498;502;506;510;515;520;526;532;538;544;551;558;566;573;582;590;599;608;617;626;636;646;657;667;678;690;702;714;727;740;753;;;;;;;;;;;;;;;;;;;;;;;
-1.400;;;;;;;;;;;;;;;795;775;755;737;719;702;686;671;657;644;632;620;610;600;591;582;575;567;560;554;548;542;536;531;526;521;516;512;507;503;499;495;491;488;484;481;478;476;473;471;469;467;466;464;463;462;462;461;461;461;461;461;462;462;463;463;464;465;466;467;469;470;471;473;475;476;478;480;483;485;488;490;493;497;500;504;508;513;518;523;528;534;540;547;553;561;568;576;584;592;601;610;619;629;639;649;659;670;681;692;704;717;729;743;756;;;;;;;;;;;;;;;;;;;;;;;
-1.500;;;;;;;;;;;;;;;800;780;760;742;724;706;690;675;661;647;635;623;613;603;594;585;577;569;562;556;549;544;538;533;527;522;518;513;509;505;501;497;493;489;486;483;480;477;475;473;471;469;468;466;465;464;464;463;463;463;463;463;464;464;465;465;466;467;468;470;471;472;474;475;477;479;481;483;485;487;490;493;496;499;503;507;511;515;520;525;531;537;543;549;556;563;571;579;587;595;604;613;622;631;641;651;662;672;684;695;707;720;733;746;;;;;;;;;;;;;;;;;;;;;;;;
-1.600;;;;;;;;;;;;;;;;786;766;747;729;712;695;680;665;652;639;627;616;606;597;588;580;572;565;558;552;546;540;535;529;524;520;515;511;507;503;499;495;492;488;485;482;480;477;475;473;471;470;468;467;467;466;465;465;465;465;465;466;466;467;468;469;470;471;472;473;475;476;478;479;481;483;485;488;490;493;496;499;502;506;510;514;519;523;529;534;540;546;553;559;566;574;582;590;598;607;616;625;635;644;654;665;676;687;699;711;723;736;749;;;;;;;;;;;;;;;;;;;;;;;;
-1.700;;;;;;;;;;;;;;;;792;772;753;735;717;701;685;670;656;643;631;620;610;600;591;583;575;568;561;554;548;542;537;532;527;522;517;513;509;505;501;497;494;491;488;485;482;480;478;476;474;472;471;470;469;468;468;468;468;468;468;468;469;470;470;471;472;473;475;476;477;479;481;482;484;486;488;491;493;496;499;502;505;509;513;517;522;527;532;537;543;549;556;563;570;577;585;593;602;610;619;628;638;648;658;668;679;691;702;715;727;740;753;;;;;;;;;;;;;;;;;;;;;;;;
-1.800;;;;;;;;;;;;;;;;798;778;759;741;723;707;691;676;662;648;636;625;614;604;595;586;578;571;564;557;551;545;540;534;529;525;520;516;511;507;504;500;497;493;490;488;485;483;480;478;477;475;474;473;472;471;471;471;471;471;471;471;472;473;473;474;475;477;478;479;481;482;484;486;487;490;492;494;497;499;502;506;509;513;517;521;526;531;536;541;547;553;560;566;574;581;589;597;605;614;623;632;642;652;662;672;683;695;707;719;731;744;;;;;;;;;;;;;;;;;;;;;;;;;
-1.900;;;;;;;;;;;;;;;;;785;766;748;730;713;697;682;667;654;641;630;619;609;599;590;582;575;568;561;554;549;543;538;533;528;523;519;515;511;507;503;500;497;494;491;488;486;484;482;480;478;477;476;475;475;474;474;474;474;474;475;475;476;477;478;479;480;481;483;484;486;487;489;491;493;496;498;501;503;506;510;513;517;521;525;530;535;540;545;551;557;564;571;578;585;593;601;609;618;627;636;646;656;666;677;688;699;711;723;736;749;;;;;;;;;;;;;;;;;;;;;;;;;
-2.000;;;;;;;;;;;;;;;;;792;773;755;737;720;704;688;674;660;647;635;624;614;604;595;587;579;572;565;558;552;546;541;536;531;526;522;518;514;510;507;503;500;497;494;492;489;487;485;484;482;481;480;479;478;478;478;478;478;478;478;479;480;481;481;483;484;485;486;488;490;491;493;495;497;500;502;505;508;511;514;517;521;525;530;534;539;544;550;556;562;568;575;582;590;597;605;614;622;631;641;650;660;670;681;692;704;716;728;741;754;;;;;;;;;;;;;;;;;;;;;;;;;
-2.100;;;;;;;;;;;;;;;;;;781;762;745;727;711;695;680;667;654;641;630;619;609;600;592;584;576;569;563;556;551;545;540;535;530;526;522;518;514;510;507;504;501;498;495;493;491;489;487;486;485;484;483;482;482;482;482;482;482;482;483;484;485;486;487;488;489;491;492;494;496;497;500;502;504;507;509;512;515;519;522;526;530;534;539;544;549;555;560;567;573;580;587;594;602;610;619;627;636;646;655;665;676;686;698;709;721;734;747;;;;;;;;;;;;;;;;;;;;;;;;;;
-2.200;;;;;;;;;;;;;;;;;;789;771;753;735;719;703;688;674;660;648;636;625;615;606;597;589;581;574;567;561;555;549;544;539;535;530;526;522;518;514;511;508;505;502;500;497;495;493;492;490;489;488;487;487;486;486;486;486;486;487;487;488;489;490;491;492;494;495;497;498;500;502;504;506;509;511;514;517;520;524;527;531;535;539;544;549;554;560;566;572;578;585;592;600;607;615;624;632;641;651;660;670;681;692;703;715;727;739;752;;;;;;;;;;;;;;;;;;;;;;;;;;
-2.300;;;;;;;;;;;;;;;;;;;779;761;744;727;711;696;681;668;655;643;632;622;612;603;595;587;579;572;566;560;554;549;544;539;535;530;526;522;519;516;512;509;507;504;502;500;498;496;495;494;493;492;491;491;491;491;491;491;491;492;493;494;495;496;497;498;500;502;503;505;507;509;512;514;517;519;522;526;529;533;536;541;545;550;555;560;565;571;577;584;591;598;605;613;621;629;638;647;656;666;676;687;698;709;721;733;746;;;;;;;;;;;;;;;;;;;;;;;;;;;
-2.400;;;;;;;;;;;;;;;;;;;788;770;752;736;720;704;690;676;663;651;639;629;619;610;601;593;585;578;572;565;560;554;549;544;540;535;531;527;524;520;517;514;512;509;507;505;503;501;500;499;498;497;496;496;496;495;496;496;496;497;498;499;500;501;502;504;505;507;509;511;513;515;517;520;522;525;528;531;535;538;542;546;551;555;560;566;571;577;583;590;597;604;611;619;627;635;644;653;662;672;682;693;704;716;727;740;752;;;;;;;;;;;;;;;;;;;;;;;;;;;
-2.500;;;;;;;;;;;;;;;;;;;;779;762;745;729;713;699;685;671;659;647;636;626;617;608;599;592;584;578;571;565;560;555;550;545;541;536;533;529;526;522;519;517;514;512;510;508;506;505;504;503;502;501;501;501;501;501;501;502;502;503;504;505;506;508;509;511;512;514;516;518;520;523;525;528;531;534;537;541;544;548;552;557;562;567;572;577;583;589;596;603;610;617;625;633;642;650;659;669;679;689;700;711;722;734;746;;;;;;;;;;;;;;;;;;;;;;;;;;;;
-2.600;;;;;;;;;;;;;;;;;;;;789;771;755;738;723;708;694;680;667;656;644;634;624;615;607;599;591;584;578;572;566;561;556;551;546;542;538;535;531;528;525;522;520;517;515;513;512;510;509;508;507;507;507;506;506;506;507;507;508;509;510;511;512;513;515;517;518;520;522;524;527;529;532;534;537;540;544;547;551;555;559;563;568;573;578;584;590;596;603;609;616;624;632;640;648;657;666;676;686;696;707;718;729;741;753;;;;;;;;;;;;;;;;;;;;;;;;;;;;
-2.700;;;;;;;;;;;;;;;;;;;;;781;765;748;733;718;703;690;677;665;653;642;632;623;614;606;598;591;585;578;572;567;562;557;552;548;544;541;537;534;531;528;526;523;521;519;518;516;515;514;513;513;512;512;512;512;513;513;514;515;516;517;518;520;521;523;524;526;528;531;533;535;538;541;544;547;550;554;557;561;566;570;575;580;585;591;597;603;609;616;623;631;639;647;655;664;673;683;693;703;714;725;737;749;;;;;;;;;;;;;;;;;;;;;;;;;;;;;
-2.800;;;;;;;;;;;;;;;;;;;;;792;775;759;743;728;714;700;686;674;662;651;641;631;622;614;606;599;592;586;580;574;569;564;559;555;551;547;543;540;537;534;532;529;527;525;524;522;521;520;519;519;518;518;518;518;519;519;520;521;522;523;524;526;527;529;531;533;535;537;539;542;545;547;550;554;557;561;564;568;573;577;582;587;592;598;604;610;617;623;631;638;646;654;662;671;681;690;700;711;722;733;744;;;;;;;;;;;;;;;;;;;;;;;;;;;;;;
-2.900;;;;;;;;;;;;;;;;;;;;;;786;769;754;739;724;710;697;684;672;661;650;641;631;623;615;607;600;593;587;581;576;571;566;562;557;554;550;547;543;541;538;536;534;532;530;529;527;526;526;525;525;525;525;525;525;526;526;527;528;530;531;532;534;536;538;540;542;544;546;549;552;555;558;561;564;568;572;576;580;585;589;594;600;605;611;618;624;631;638;646;653;662;670;679;688;698;708;719;729;741;752;;;;;;;;;;;;;;;;;;;;;;;;;;;;;;
-3.000;;;;;;;;;;;;;;;;;;;;;;;780;765;750;735;721;708;695;683;671;660;650;641;632;623;616;608;601;595;589;583;578;573;569;564;561;557;553;550;547;545;542;540;538;537;535;534;533;532;532;531;531;531;531;532;532;533;534;535;536;538;539;541;543;544;547;549;551;553;556;559;562;565;568;572;575;579;583;588;592;597;602;607;613;619;625;632;639;646;653;661;669;678;687;696;706;716;727;738;749;;;;;;;;;;;;;;;;;;;;;;;;;;;;;;;
-3.100;;;;;;;;;;;;;;;;;;;;;;;;776;761;746;732;719;706;694;682;671;660;651;641;633;625;617;610;603;597;592;586;581;576;572;568;564;561;557;554;552;549;547;545;543;542;541;540;539;538;538;538;538;538;539;539;540;541;542;543;545;546;548;550;552;554;556;558;561;563;566;569;572;576;579;583;587;591;595;600;605;610;615;621;627;633;640;647;654;661;669;678;686;695;705;714;724;735;746;;;;;;;;;;;;;;;;;;;;;;;;;;;;;;;;
-3.200;;;;;;;;;;;;;;;;;;;;;;;;788;773;758;744;730;717;705;693;682;671;661;652;643;634;627;619;612;606;600;594;589;584;580;576;572;568;565;562;559;556;554;552;550;549;548;547;546;545;545;545;545;545;546;546;547;548;549;550;552;553;555;557;559;561;563;566;568;571;574;577;580;583;587;591;595;599;603;608;613;618;623;629;635;641;648;655;662;670;678;686;695;704;713;723;733;743;;;;;;;;;;;;;;;;;;;;;;;;;;;;;;;;;
-3.300;;;;;;;;;;;;;;;;;;;;;;;;;785;770;756;742;729;717;705;693;682;672;662;653;645;636;629;622;615;609;603;598;593;588;584;580;576;572;569;566;564;562;560;558;556;555;554;553;552;552;552;552;552;553;553;554;555;556;558;559;561;563;564;566;569;571;573;576;579;582;585;588;591;595;599;603;607;611;616;621;626;632;637;643;650;656;663;671;678;686;695;703;712;722;731;742;752;;;;;;;;;;;;;;;;;;;;;;;;;;;;;;;;;
-3.400;;;;;;;;;;;;;;;;;;;;;;;;;;782;768;754;741;729;717;705;694;683;673;664;655;647;639;632;625;618;612;607;602;597;592;588;584;581;577;574;572;569;567;565;564;562;561;560;560;559;559;559;560;560;561;562;563;564;565;567;568;570;572;574;576;579;581;584;587;590;593;596;600;603;607;611;615;620;624;629;635;640;646;652;658;665;672;679;687;695;703;712;721;730;740;751;;;;;;;;;;;;;;;;;;;;;;;;;;;;;;;;;;
-3.500;;;;;;;;;;;;;;;;;;;;;;;;;;;781;767;754;741;729;717;706;695;685;675;666;658;650;642;635;628;622;616;611;606;601;597;593;589;585;582;580;577;575;573;571;570;569;568;567;567;567;567;567;568;568;569;570;571;573;574;576;578;580;582;584;587;589;592;595;598;601;604;608;611;615;619;624;628;633;638;643;649;655;661;667;674;681;688;696;704;712;721;730;739;749;;;;;;;;;;;;;;;;;;;;;;;;;;;;;;;;;;;
-3.600;;;;;;;;;;;;;;;;;;;;;;;;;;;;780;766;754;742;730;719;708;697;687;678;669;661;653;645;639;632;626;620;615;610;606;601;598;594;591;588;585;583;581;579;578;577;576;575;575;574;574;575;575;576;577;578;579;580;582;584;586;588;590;592;595;597;600;603;606;609;613;616;620;624;628;632;637;642;647;652;658;663;670;676;683;690;697;704;712;721;730;739;748;;;;;;;;;;;;;;;;;;;;;;;;;;;;;;;;;;;;
-3.700;;;;;;;;;;;;;;;;;;;;;;;;;;;;;779;767;754;742;731;720;710;700;690;681;672;664;656;649;643;636;630;625;620;615;611;606;603;599;596;594;591;589;587;586;585;584;583;582;582;582;583;583;584;585;586;587;588;590;592;594;596;598;600;603;605;608;611;614;618;621;625;628;632;637;641;646;650;656;661;666;672;678;685;691;698;706;713;721;730;739;748;;;;;;;;;;;;;;;;;;;;;;;;;;;;;;;;;;;;;
-3.800;;;;;;;;;;;;;;;;;;;;;;;;;;;;;;780;767;755;744;733;722;712;703;693;684;676;668;660;653;647;641;635;630;625;620;616;612;608;605;602;600;598;596;594;593;592;591;590;590;590;590;591;592;593;594;595;596;598;600;602;604;606;609;611;614;617;620;623;626;630;633;637;641;645;650;654;659;664;670;675;681;687;694;700;707;715;722;730;739;748;;;;;;;;;;;;;;;;;;;;;;;;;;;;;;;;;;;;;;
-3.900;;;;;;;;;;;;;;;;;;;;;;;;;;;;;;;781;769;757;746;735;725;715;706;697;688;680;672;665;658;651;645;640;635;630;625;621;618;614;611;609;606;604;603;601;600;599;599;598;598;599;599;600;601;602;603;604;606;608;610;612;614;617;619;622;625;628;631;635;638;642;646;650;654;659;663;668;673;679;684;690;696;703;709;716;724;731;739;748;;;;;;;;;;;;;;;;;;;;;;;;;;;;;;;;;;;;;;;
-4.000;;;;;;;;;;;;;;;;;;;;;;;;;;;;;;;;782;770;759;748;738;728;718;709;701;692;684;677;669;663;656;651;645;640;635;631;627;624;621;618;615;613;611;610;609;608;607;607;607;607;607;608;609;610;611;613;614;616;618;621;623;625;628;631;634;637;640;643;647;651;655;659;663;668;672;677;682;688;693;699;705;711;718;725;733;740;;;;;;;;;;;;;;;;;;;;;;;;;;;;;;;;;;;;;;;;;
-4.100;;;;;;;;;;;;;;;;;;;;;;;;;;;;;;;;;784;772;761;751;741;731;722;713;705;696;689;681;674;668;662;656;651;646;641;637;634;630;627;625;622;620;619;618;617;616;615;615;616;616;617;617;619;620;621;623;625;627;629;631;634;637;640;642;646;649;652;656;660;664;668;672;677;681;686;691;697;702;708;714;720;727;734;742;;;;;;;;;;;;;;;;;;;;;;;;;;;;;;;;;;;;;;;;;;
-4.200;;;;;;;;;;;;;;;;;;;;;;;;;;;;;;;;;;;775;764;754;744;735;726;717;709;701;694;686;680;673;667;662;657;652;648;644;640;637;634;632;630;628;627;626;625;624;624;624;625;625;626;627;629;630;632;634;636;638;640;643;646;648;651;655;658;661;665;669;673;677;681;686;690;695;700;706;711;717;723;729;736;743;;;;;;;;;;;;;;;;;;;;;;;;;;;;;;;;;;;;;;;;;;;
-4.300;;;;;;;;;;;;;;;;;;;;;;;;;;;;;;;;;;;;778;767;757;748;739;730;722;714;706;699;692;685;679;673;668;663;658;654;651;647;644;642;639;638;636;635;634;634;633;633;634;634;635;636;637;639;641;643;645;647;649;652;655;657;660;664;667;670;674;678;682;686;690;695;699;704;709;715;720;726;732;738;;;;;;;;;;;;;;;;;;;;;;;;;;;;;;;;;;;;;;;;;;;;;
-4.400;;;;;;;;;;;;;;;;;;;;;;;;;;;;;;;;;;;;;781;771;761;752;743;734;726;718;711;704;697;691;685;679;674;670;665;661;658;655;652;650;648;646;645;644;643;643;643;643;644;644;645;647;648;650;652;654;656;658;661;664;667;670;673;676;680;683;687;691;695;700;704;708;713;718;724;729;735;741;;;;;;;;;;;;;;;;;;;;;;;;;;;;;;;;;;;;;;;;;;;;;;
-4.500;;;;;;;;;;;;;;;;;;;;;;;;;;;;;;;;;;;;;;;774;765;756;747;739;731;723;716;709;703;697;691;686;681;677;672;669;665;663;660;658;656;655;654;653;653;653;653;653;654;655;656;658;659;661;663;666;668;671;673;676;679;683;686;689;693;697;701;705;709;713;718;722;727;733;738;;;;;;;;;;;;;;;;;;;;;;;;;;;;;;;;;;;;;;;;;;;;;;;;
-4.600;;;;;;;;;;;;;;;;;;;;;;;;;;;;;;;;;;;;;;;;;769;760;752;744;736;729;722;715;709;703;698;693;688;684;680;677;674;671;669;667;665;664;663;663;663;663;663;664;665;666;668;669;671;673;676;678;681;683;686;689;692;696;699;703;706;710;714;718;722;727;732;737;;;;;;;;;;;;;;;;;;;;;;;;;;;;;;;;;;;;;;;;;;;;;;;;;;
-4.700;;;;;;;;;;;;;;;;;;;;;;;;;;;;;;;;;;;;;;;;;;;765;757;749;741;734;728;721;716;710;705;700;696;692;688;685;683;680;678;677;675;675;674;674;674;674;675;676;677;678;680;682;684;686;688;691;694;696;699;702;706;709;712;716;720;724;728;732;736;;;;;;;;;;;;;;;;;;;;;;;;;;;;;;;;;;;;;;;;;;;;;;;;;;;;
-4.800;;;;;;;;;;;;;;;;;;;;;;;;;;;;;;;;;;;;;;;;;;;;;762;755;747;740;734;728;722;717;712;708;704;700;697;694;692;690;688;687;686;685;685;685;685;686;687;688;689;691;693;695;697;699;702;704;707;710;713;716;719;722;726;729;733;737;;;;;;;;;;;;;;;;;;;;;;;;;;;;;;;;;;;;;;;;;;;;;;;;;;;;;;
-4.900;;;;;;;;;;;;;;;;;;;;;;;;;;;;;;;;;;;;;;;;;;;;;;;761;754;747;741;735;730;725;720;716;713;709;706;704;702;700;699;698;697;697;697;697;697;698;699;701;702;704;706;708;710;712;715;717;720;723;726;729;732;736;739;;;;;;;;;;;;;;;;;;;;;;;;;;;;;;;;;;;;;;;;;;;;;;;;;;;;;;;;
-5.000;;;;;;;;;;;;;;;;;;;;;;;;;;;;;;;;;;;;;;;;;;;;;;;;;;754;748;743;738;733;729;725;722;719;716;714;712;711;710;709;709;709;709;709;710;711;712;714;715;717;719;721;723;726;728;731;734;737;740;;;;;;;;;;;;;;;;;;;;;;;;;;;;;;;;;;;;;;;;;;;;;;;;;;;;;;;;;;;
-5.100;;;;;;;;;;;;;;;;;;;;;;;;;;;;;;;;;;;;;;;;;;;;;;;;;;;;;;747;742;738;735;732;729;727;725;724;722;722;721;721;721;722;722;723;724;726;727;729;731;733;735;737;739;;;;;;;;;;;;;;;;;;;;;;;;;;;;;;;;;;;;;;;;;;;;;;;;;;;;;;;;;;;;;;;
-5.200;;;;;;;;;;;;;;;;;;;;;;;;;;;;;;;;;;;;;;;;;;;;;;;;;;;;;;;;;;;743;740;738;737;736;735;734;734;734;734;735;736;737;738;739;741;;;;;;;;;;;;;;;;;;;;;;;;;;;;;;;;;;;;;;;;;;;;;;;;;;;;;;;;;;;;;;;;;;;;
-5.300;;;;;;;;;;;;;;;;;;;;;;;;;;;;;;;;;;;;;;;;;;;;;;;;;;;;;;;;;;;;;;;;;;;;;;;;;;;;;;;;;;;;;;;;;;;;;;;;;;;;;;;;;;;;;;;;;;;;;;;;;;;;;;;;;;;;;;;;;;;;;;
-5.400;;;;;;;;;;;;;;;;;;;;;;;;;;;;;;;;;;;;;;;;;;;;;;;;;;;;;;;;;;;;;;;;;;;;;;;;;;;;;;;;;;;;;;;;;;;;;;;;;;;;;;;;;;;;;;;;;;;;;;;;;;;;;;;;;;;;;;;;;;;;;;
-5.500;;;;;;;;;;;;;;;;;;;;;;;;;;;;;;;;;;;;;;;;;;;;;;;;;;;;;;;;;;;;;;;;;;;;;;;;;;;;;;;;;;;;;;;;;;;;;;;;;;;;;;;;;;;;;;;;;;;;;;;;;;;;;;;;;;;;;;;;;;;;;;
-5.600;;;;;;;;;;;;;;;;;;;;;;;;;;;;;;;;;;;;;;;;;;;;;;;;;;;;;;;;;;;;;;;;;;;;;;;;;;;;;;;;;;;;;;;;;;;;;;;;;;;;;;;;;;;;;;;;;;;;;;;;;;;;;;;;;;;;;;;;;;;;;;
-5.700;;;;;;;;;;;;;;;;;;;;;;;;;;;;;;;;;;;;;;;;;;;;;;;;;;;;;;;;;;;;;;;;;;;;;;;;;;;;;;;;;;;;;;;;;;;;;;;;;;;;;;;;;;;;;;;;;;;;;;;;;;;;;;;;;;;;;;;;;;;;;;
-5.800;;;;;;;;;;;;;;;;;;;;;;;;;;;;;;;;;;;;;;;;;;;;;;;;;;;;;;;;;;;;;;;;;;;;;;;;;;;;;;;;;;;;;;;;;;;;;;;;;;;;;;;;;;;;;;;;;;;;;;;;;;;;;;;;;;;;;;;;;;;;;;
-5.900;;;;;;;;;;;;;;;;;;;;;;;;;;;;;;;;;;;;;;;;;;;;;;;;;;;;;;;;;;;;;;;;;;;;;;;;;;;;;;;;;;;;;;;;;;;;;;;;;;;;;;;;;;;;;;;;;;;;;;;;;;;;;;;;;;;;;;;;;;;;;;
-6.000;;;;;;;;;;;;;;;;;;;;;;;;;;;;;;;;;;;;;;;;;;;;;;;;;;;;;;;;;;;;;;;;;;;;;;;;;;;;;;;;;;;;;;;;;;;;;;;;;;;;;;;;;;;;;;;;;;;;;;;;;;;;;;;;;;;;;;;;;;;;;;
-6.100;;;;;;;;;;;;;;;;;;;;;;;;;;;;;;;;;;;;;;;;;;;;;;;;;;;;;;;;;;;;;;;;;;;;;;;;;;;;;;;;;;;;;;;;;;;;;;;;;;;;;;;;;;;;;;;;;;;;;;;;;;;;;;;;;;;;;;;;;;;;;;
-6.200;;;;;;;;;;;;;;;;;;;;;;;;;;;;;;;;;;;;;;;;;;;;;;;;;;;;;;;;;;;;;;;;;;;;;;;;;;;;;;;;;;;;;;;;;;;;;;;;;;;;;;;;;;;;;;;;;;;;;;;;;;;;;;;;;;;;;;;;;;;;;;
-6.300;;;;;;;;;;;;;;;;;;;;;;;;;;;;;;;;;;;;;;;;;;;;;;;;;;;;;;;;;;;;;;;;;;;;;;;;;;;;;;;;;;;;;;;;;;;;;;;;;;;;;;;;;;;;;;;;;;;;;;;;;;;;;;;;;;;;;;;;;;;;;;
-6.400;;;;;;;;;;;;;;;;;;;;;;;;;;;;;;;;;;;;;;;;;;;;;;;;;;;;;;;;;;;;;;;;;;;;;;;;;;;;;;;;;;;;;;;;;;;;;;;;;;;;;;;;;;;;;;;;;;;;;;;;;;;;;;;;;;;;;;;;;;;;;;
-6.500;;;;;;;;;;;;;;;;;;;;;;;;;;;;;;;;;;;;;;;;;;;;;;;;;;;;;;;;;;;;;;;;;;;;;;;;;;;;;;;;;;;;;;;;;;;;;;;;;;;;;;;;;;;;;;;;;;;;;;;;;;;;;;;;;;;;;;;;;;;;;;
-6.600;;;;;;;;;;;;;;;;;;;;;;;;;;;;;;;;;;;;;;;;;;;;;;;;;;;;;;;;;;;;;;;;;;;;;;;;;;;;;;;;;;;;;;;;;;;;;;;;;;;;;;;;;;;;;;;;;;;;;;;;;;;;;;;;;;;;;;;;;;;;;;
-6.700;;;;;;;;;;;;;;;;;;;;;;;;;;;;;;;;;;;;;;;;;;;;;;;;;;;;;;;;;;;;;;;;;;;;;;;;;;;;;;;;;;;;;;;;;;;;;;;;;;;;;;;;;;;;;;;;;;;;;;;;;;;;;;;;;;;;;;;;;;;;;;
-6.800;;;;;;;;;;;;;;;;;;;;;;;;;;;;;;;;;;;;;;;;;;;;;;;;;;;;;;;;;;;;;;;;;;;;;;;;;;;;;;;;;;;;;;;;;;;;;;;;;;;;;;;;;;;;;;;;;;;;;;;;;;;;;;;;;;;;;;;;;;;;;;
-6.900;;;;;;;;;;;;;;;;;;;;;;;;;;;;;;;;;;;;;;;;;;;;;;;;;;;;;;;;;;;;;;;;;;;;;;;;;;;;;;;;;;;;;;;;;;;;;;;;;;;;;;;;;;;;;;;;;;;;;;;;;;;;;;;;;;;;;;;;;;;;;;
-7.000;;;;;;;;;;;;;;;;;;;;;;;;;;;;;;;;;;;;;;;;;;;;;;;;;;;;;;;;;;;;;;;;;;;;;;;;;;;;;;;;;;;;;;;;;;;;;;;;;;;;;;;;;;;;;;;;;;;;;;;;;;;;;;;;;;;;;;;;;;;;;;
[SYSTEM];;
Name;Pentacam;
Version;1.16r96;
SerialNo;8104  6120;
Registered User;...;
File Date;21-07-2019;
Matrixsize X;141;
Matrixsize Y;141;
Matrix-Res. X/Y;100;

[PATIENT];;
LastName;Chen;
FirstName;Yue;
Eye;OD;
DateOfBirth;28-10-1988;
Sex;...;
PatientID;11444159;

[EXAMINATION];;
Date;15-12-2018;
Time;15:39;
Surgeon;...;
OP;...;
TestNo;...;
Comments;...;
Max. Diameter;6.45;

[GENERAL DATA];;
Cornea Front Rh;7.86;
Cornea Front Rv;7.68;
Cornea Front Axis;28.0;
Cornea Front Astig;1.0;
Cornea Front Exz;-0.46;
Pachy Apex;460;
Pachy Min;455;
Pachy Min X;-0.64;
Pachy Min Y;-0.64;
Chamber Height;3.30;
Chamber Angle;41.04;
KKS;# poss.;
QS Status;OK;
QS Error;0;
K Max (Front);45.36;
K Max X (Front);0.21;
K Max Y (Front);-1.50;

[PUPIL];
Pupil Dia;3.83;
XPupil;-51;
YPupil;229;

X;Y;
1791;0;
1795;44;
1798;88;
1799;133;
1799;177;
1799;222;
1797;267;
1795;311;
1792;356;
1787;401;
1781;446;
1775;491;
1768;536;
1759;581;
1750;626;
1739;671;
1728;716;
1716;761;
1703;805;
1689;850;
1673;894;
1657;939;
1640;983;
1622;1027;
1603;1071;
1582;1114;
1561;1157;
1538;1200;
1515;1243;
1490;1286;
1465;1328;
1438;1369;
1410;1410;
1381;1451;
1351;1491;
1320;1530;
1288;1569;
1254;1607;
1220;1645;
1184;1681;
1147;1717;
1109;1752;
1071;1786;
1031;1819;
990;1851;
948;1882;
905;1912;
861;1942;
816;1970;
770;1996;
723;2020;
675;2044;
627;2067;
578;2088;
528;2108;
477;2126;
426;2142;
374;2157;
322;2171;
269;2183;
216;2193;
162;2201;
108;2208;
54;2214;
0;2218;
-54;2219;
-109;2218;
-164;2217;
-218;2214;
-272;2209;
-327;2202;
-380;2193;
-434;2182;
-487;2170;
-540;2157;
-593;2142;
-644;2124;
-696;2106;
-746;2085;
-796;2064;
-846;2042;
-894;2016;
-941;1990;
-988;1962;
-1033;1933;
-1078;1904;
-1122;1872;
-1165;1839;
-1206;1805;
-1247;1770;
-1286;1734;
-1325;1697;
-1361;1659;
-1397;1620;
-1432;1580;
-1465;1539;
-1498;1498;
-1529;1455;
-1558;1412;
-1587;1369;
-1614;1325;
-1640;1280;
-1665;1235;
-1688;1189;
-1711;1143;
-1732;1097;
-1751;1050;
-1770;1003;
-1787;955;
-1803;908;
-1818;860;
-1832;812;
-1844;764;
-1856;716;
-1866;668;
-1876;620;
-1883;571;
-1890;523;
-1896;475;
-1901;427;
-1904;379;
-1907;331;
-1908;283;
-1908;235;
-1907;188;
-1905;141;
-1902;93;
-1898;47;
-1892;0;
-1886;-46;
-1878;-92;
-1870;-138;
-1860;-183;
-1849;-228;
-1837;-273;
-1825;-317;
-1811;-360;
-1796;-403;
-1780;-446;
-1764;-488;
-1747;-530;
-1729;-571;
-1709;-612;
-1689;-652;
-1668;-691;
-1647;-730;
-1626;-769;
-1603;-807;
-1579;-844;
-1554;-881;
-1530;-917;
-1504;-952;
-1478;-987;
-1451;-1022;
-1423;-1055;
-1395;-1088;
-1366;-1121;
-1337;-1153;
-1307;-1184;
-1276;-1215;
-1244;-1244;
-1213;-1274;
-1180;-1302;
-1147;-1330;
-1113;-1357;
-1079;-1383;
-1045;-1408;
-1009;-1433;
-974;-1457;
-937;-1480;
-901;-1503;
-863;-1524;
-826;-1545;
-788;-1565;
-749;-1584;
-710;-1601;
-670;-1618;
-631;-1635;
-590;-1650;
-550;-1664;
-509;-1677;
-468;-1690;
-426;-1701;
-384;-1711;
-342;-1720;
-300;-1728;
-257;-1735;
-215;-1741;
-172;-1746;
-129;-1750;
-86;-1753;
-43;-1755;
0;-1755;
43;-1755;
86;-1753;
129;-1750;
172;-1747;
215;-1742;
257;-1736;
300;-1729;
342;-1720;
384;-1711;
426;-1701;
468;-1689;
509;-1677;
549;-1663;
590;-1649;
630;-1633;
670;-1617;
709;-1599;
748;-1581;
786;-1561;
824;-1541;
861;-1519;
897;-1497;
933;-1474;
969;-1450;
1004;-1425;
1038;-1400;
1072;-1373;
1105;-1346;
1137;-1318;
1168;-1289;
1199;-1260;
1229;-1229;
1259;-1199;
1288;-1167;
1316;-1135;
1343;-1102;
1370;-1069;
1396;-1035;
1421;-1001;
1445;-966;
1469;-930;
1492;-894;
1514;-858;
1535;-821;
1556;-783;
1576;-745;
1594;-707;
1612;-668;
1630;-629;
1647;-589;
1663;-549;
1677;-509;
1691;-468;
1705;-427;
1718;-386;
1729;-344;
1740;-302;
1750;-260;
1759;-217;
1767;-174;
1775;-131;
1781;-88;
1787;-44;
